cycle,branch,model,modeldate,candidate_inc,candidate_chal,candidate_3rd,evprob_inc,evprob_chal,evprob_3rd,total_ev,timestamp,simulations
2020,President,polls-plus,10/30/2020,Trump,Biden,"",.001375,0,,99,17:26:03 30 Oct 2020,40000
2020,President,polls-plus,10/30/2020,Trump,Biden,"",.001525,0,,98,17:26:03 30 Oct 2020,40000
2020,President,polls-plus,10/30/2020,Trump,Biden,"",.0018,0,,97,17:26:03 30 Oct 2020,40000
2020,President,polls-plus,10/30/2020,Trump,Biden,"",.001125,0,,96,17:26:03 30 Oct 2020,40000
2020,President,polls-plus,10/30/2020,Trump,Biden,"",.00175,0,,95,17:26:03 30 Oct 2020,40000
2020,President,polls-plus,10/30/2020,Trump,Biden,"",.001525,0,,94,17:26:03 30 Oct 2020,40000
2020,President,polls-plus,10/30/2020,Trump,Biden,"",.000775,0,,93,17:26:03 30 Oct 2020,40000
2020,President,polls-plus,10/30/2020,Trump,Biden,"",.001825,0,,92,17:26:03 30 Oct 2020,40000
2020,President,polls-plus,10/30/2020,Trump,Biden,"",.00135,.000025,,91,17:26:03 30 Oct 2020,40000
2020,President,polls-plus,10/30/2020,Trump,Biden,"",.000475,0,,90,17:26:03 30 Oct 2020,40000
2020,President,polls-plus,10/30/2020,Trump,Biden,"",0,0,,9,17:26:03 30 Oct 2020,40000
2020,President,polls-plus,10/30/2020,Trump,Biden,"",.002075,0,,89,17:26:03 30 Oct 2020,40000
2020,President,polls-plus,10/30/2020,Trump,Biden,"",.00105,0,,88,17:26:03 30 Oct 2020,40000
2020,President,polls-plus,10/30/2020,Trump,Biden,"",.000725,0,,87,17:26:03 30 Oct 2020,40000
2020,President,polls-plus,10/30/2020,Trump,Biden,"",.00155,0,,86,17:26:03 30 Oct 2020,40000
2020,President,polls-plus,10/30/2020,Trump,Biden,"",.000925,0,,85,17:26:03 30 Oct 2020,40000
2020,President,polls-plus,10/30/2020,Trump,Biden,"",.00075,0,,84,17:26:03 30 Oct 2020,40000
2020,President,polls-plus,10/30/2020,Trump,Biden,"",.001925,0,,83,17:26:03 30 Oct 2020,40000
2020,President,polls-plus,10/30/2020,Trump,Biden,"",.001475,0,,82,17:26:03 30 Oct 2020,40000
2020,President,polls-plus,10/30/2020,Trump,Biden,"",.000725,0,,81,17:26:03 30 Oct 2020,40000
2020,President,polls-plus,10/30/2020,Trump,Biden,"",.0009,0,,80,17:26:03 30 Oct 2020,40000
2020,President,polls-plus,10/30/2020,Trump,Biden,"",.000125,0,,8,17:26:03 30 Oct 2020,40000
2020,President,polls-plus,10/30/2020,Trump,Biden,"",.000775,0,,79,17:26:03 30 Oct 2020,40000
2020,President,polls-plus,10/30/2020,Trump,Biden,"",.001025,0,,78,17:26:03 30 Oct 2020,40000
2020,President,polls-plus,10/30/2020,Trump,Biden,"",.000625,.000025,,77,17:26:03 30 Oct 2020,40000
2020,President,polls-plus,10/30/2020,Trump,Biden,"",.000525,0,,76,17:26:03 30 Oct 2020,40000
2020,President,polls-plus,10/30/2020,Trump,Biden,"",.000875,0,,75,17:26:03 30 Oct 2020,40000
2020,President,polls-plus,10/30/2020,Trump,Biden,"",.000575,0,,74,17:26:03 30 Oct 2020,40000
2020,President,polls-plus,10/30/2020,Trump,Biden,"",.000575,0,,73,17:26:03 30 Oct 2020,40000
2020,President,polls-plus,10/30/2020,Trump,Biden,"",.0008,0,,72,17:26:03 30 Oct 2020,40000
2020,President,polls-plus,10/30/2020,Trump,Biden,"",.000675,0,,71,17:26:03 30 Oct 2020,40000
2020,President,polls-plus,10/30/2020,Trump,Biden,"",.000575,0,,70,17:26:03 30 Oct 2020,40000
2020,President,polls-plus,10/30/2020,Trump,Biden,"",.000125,0,,7,17:26:03 30 Oct 2020,40000
2020,President,polls-plus,10/30/2020,Trump,Biden,"",.000625,0,,69,17:26:03 30 Oct 2020,40000
2020,President,polls-plus,10/30/2020,Trump,Biden,"",.000675,0,,68,17:26:03 30 Oct 2020,40000
2020,President,polls-plus,10/30/2020,Trump,Biden,"",.000325,0,,67,17:26:03 30 Oct 2020,40000
2020,President,polls-plus,10/30/2020,Trump,Biden,"",.0004,0,,66,17:26:03 30 Oct 2020,40000
2020,President,polls-plus,10/30/2020,Trump,Biden,"",.0005,0,,65,17:26:03 30 Oct 2020,40000
2020,President,polls-plus,10/30/2020,Trump,Biden,"",.00035,0,,64,17:26:03 30 Oct 2020,40000
2020,President,polls-plus,10/30/2020,Trump,Biden,"",.0005,0,,63,17:26:03 30 Oct 2020,40000
2020,President,polls-plus,10/30/2020,Trump,Biden,"",.0005,0,,62,17:26:03 30 Oct 2020,40000
2020,President,polls-plus,10/30/2020,Trump,Biden,"",.0003,0,,61,17:26:03 30 Oct 2020,40000
2020,President,polls-plus,10/30/2020,Trump,Biden,"",.000375,0,,60,17:26:03 30 Oct 2020,40000
2020,President,polls-plus,10/30/2020,Trump,Biden,"",.000075,0,,6,17:26:03 30 Oct 2020,40000
2020,President,polls-plus,10/30/2020,Trump,Biden,"",.0003,0,,59,17:26:03 30 Oct 2020,40000
2020,President,polls-plus,10/30/2020,Trump,Biden,"",.0003,0,,58,17:26:03 30 Oct 2020,40000
2020,President,polls-plus,10/30/2020,Trump,Biden,"",.000425,0,,57,17:26:03 30 Oct 2020,40000
2020,President,polls-plus,10/30/2020,Trump,Biden,"",.000325,0,,56,17:26:03 30 Oct 2020,40000
2020,President,polls-plus,10/30/2020,Trump,Biden,"",.0003,0,,55,17:26:03 30 Oct 2020,40000
2020,President,polls-plus,10/30/2020,Trump,Biden,"",.000175,0,,54,17:26:03 30 Oct 2020,40000
2020,President,polls-plus,10/30/2020,Trump,Biden,"",0,.000025,,538,17:26:03 30 Oct 2020,40000
2020,President,polls-plus,10/30/2020,Trump,Biden,"",0,.000125,,537,17:26:03 30 Oct 2020,40000
2020,President,polls-plus,10/30/2020,Trump,Biden,"",0,0,,536,17:26:03 30 Oct 2020,40000
2020,President,polls-plus,10/30/2020,Trump,Biden,"",0,0,,535,17:26:03 30 Oct 2020,40000
2020,President,polls-plus,10/30/2020,Trump,Biden,"",0,.0004,,534,17:26:03 30 Oct 2020,40000
2020,President,polls-plus,10/30/2020,Trump,Biden,"",0,.000075,,533,17:26:03 30 Oct 2020,40000
2020,President,polls-plus,10/30/2020,Trump,Biden,"",0,.000075,,532,17:26:03 30 Oct 2020,40000
2020,President,polls-plus,10/30/2020,Trump,Biden,"",0,.000125,,531,17:26:03 30 Oct 2020,40000
2020,President,polls-plus,10/30/2020,Trump,Biden,"",0,.000125,,530,17:26:03 30 Oct 2020,40000
2020,President,polls-plus,10/30/2020,Trump,Biden,"",.0003,0,,53,17:26:03 30 Oct 2020,40000
2020,President,polls-plus,10/30/2020,Trump,Biden,"",0,0,,529,17:26:03 30 Oct 2020,40000
2020,President,polls-plus,10/30/2020,Trump,Biden,"",0,.0001,,528,17:26:03 30 Oct 2020,40000
2020,President,polls-plus,10/30/2020,Trump,Biden,"",0,.0001,,527,17:26:03 30 Oct 2020,40000
2020,President,polls-plus,10/30/2020,Trump,Biden,"",0,0,,526,17:26:03 30 Oct 2020,40000
2020,President,polls-plus,10/30/2020,Trump,Biden,"",0,.000075,,525,17:26:03 30 Oct 2020,40000
2020,President,polls-plus,10/30/2020,Trump,Biden,"",0,.000075,,524,17:26:03 30 Oct 2020,40000
2020,President,polls-plus,10/30/2020,Trump,Biden,"",0,.000075,,523,17:26:03 30 Oct 2020,40000
2020,President,polls-plus,10/30/2020,Trump,Biden,"",0,.0001,,522,17:26:03 30 Oct 2020,40000
2020,President,polls-plus,10/30/2020,Trump,Biden,"",0,.000075,,521,17:26:03 30 Oct 2020,40000
2020,President,polls-plus,10/30/2020,Trump,Biden,"",0,.000075,,520,17:26:03 30 Oct 2020,40000
2020,President,polls-plus,10/30/2020,Trump,Biden,"",.00025,0,,52,17:26:03 30 Oct 2020,40000
2020,President,polls-plus,10/30/2020,Trump,Biden,"",0,.000175,,519,17:26:03 30 Oct 2020,40000
2020,President,polls-plus,10/30/2020,Trump,Biden,"",0,.00005,,518,17:26:03 30 Oct 2020,40000
2020,President,polls-plus,10/30/2020,Trump,Biden,"",0,.000125,,517,17:26:03 30 Oct 2020,40000
2020,President,polls-plus,10/30/2020,Trump,Biden,"",0,.000125,,516,17:26:03 30 Oct 2020,40000
2020,President,polls-plus,10/30/2020,Trump,Biden,"",0,.000175,,515,17:26:03 30 Oct 2020,40000
2020,President,polls-plus,10/30/2020,Trump,Biden,"",0,.000125,,514,17:26:03 30 Oct 2020,40000
2020,President,polls-plus,10/30/2020,Trump,Biden,"",0,.000175,,513,17:26:03 30 Oct 2020,40000
2020,President,polls-plus,10/30/2020,Trump,Biden,"",0,.00005,,512,17:26:03 30 Oct 2020,40000
2020,President,polls-plus,10/30/2020,Trump,Biden,"",0,.0001,,511,17:26:03 30 Oct 2020,40000
2020,President,polls-plus,10/30/2020,Trump,Biden,"",0,.00015,,510,17:26:03 30 Oct 2020,40000
2020,President,polls-plus,10/30/2020,Trump,Biden,"",.0003,0,,51,17:26:03 30 Oct 2020,40000
2020,President,polls-plus,10/30/2020,Trump,Biden,"",0,.0001,,509,17:26:03 30 Oct 2020,40000
2020,President,polls-plus,10/30/2020,Trump,Biden,"",0,0,,508,17:26:03 30 Oct 2020,40000
2020,President,polls-plus,10/30/2020,Trump,Biden,"",0,.00015,,507,17:26:03 30 Oct 2020,40000
2020,President,polls-plus,10/30/2020,Trump,Biden,"",0,.00005,,506,17:26:03 30 Oct 2020,40000
2020,President,polls-plus,10/30/2020,Trump,Biden,"",0,.000225,,505,17:26:03 30 Oct 2020,40000
2020,President,polls-plus,10/30/2020,Trump,Biden,"",0,.00015,,504,17:26:03 30 Oct 2020,40000
2020,President,polls-plus,10/30/2020,Trump,Biden,"",0,.000225,,503,17:26:03 30 Oct 2020,40000
2020,President,polls-plus,10/30/2020,Trump,Biden,"",0,.0002,,502,17:26:03 30 Oct 2020,40000
2020,President,polls-plus,10/30/2020,Trump,Biden,"",0,.00005,,501,17:26:03 30 Oct 2020,40000
2020,President,polls-plus,10/30/2020,Trump,Biden,"",0,.00015,,500,17:26:03 30 Oct 2020,40000
2020,President,polls-plus,10/30/2020,Trump,Biden,"",.00025,0,,50,17:26:03 30 Oct 2020,40000
2020,President,polls-plus,10/30/2020,Trump,Biden,"",.000075,0,,5,17:26:03 30 Oct 2020,40000
2020,President,polls-plus,10/30/2020,Trump,Biden,"",0,.0001,,499,17:26:03 30 Oct 2020,40000
2020,President,polls-plus,10/30/2020,Trump,Biden,"",0,.00025,,498,17:26:03 30 Oct 2020,40000
2020,President,polls-plus,10/30/2020,Trump,Biden,"",0,.0002,,497,17:26:03 30 Oct 2020,40000
2020,President,polls-plus,10/30/2020,Trump,Biden,"",0,.000275,,496,17:26:03 30 Oct 2020,40000
2020,President,polls-plus,10/30/2020,Trump,Biden,"",0,.000225,,495,17:26:03 30 Oct 2020,40000
2020,President,polls-plus,10/30/2020,Trump,Biden,"",0,.000175,,494,17:26:03 30 Oct 2020,40000
2020,President,polls-plus,10/30/2020,Trump,Biden,"",0,.0001,,493,17:26:03 30 Oct 2020,40000
2020,President,polls-plus,10/30/2020,Trump,Biden,"",0,.000225,,492,17:26:03 30 Oct 2020,40000
2020,President,polls-plus,10/30/2020,Trump,Biden,"",0,.00005,,491,17:26:03 30 Oct 2020,40000
2020,President,polls-plus,10/30/2020,Trump,Biden,"",0,.00025,,490,17:26:03 30 Oct 2020,40000
2020,President,polls-plus,10/30/2020,Trump,Biden,"",.0005,0,,49,17:26:03 30 Oct 2020,40000
2020,President,polls-plus,10/30/2020,Trump,Biden,"",0,.0005,,489,17:26:03 30 Oct 2020,40000
2020,President,polls-plus,10/30/2020,Trump,Biden,"",0,.00025,,488,17:26:03 30 Oct 2020,40000
2020,President,polls-plus,10/30/2020,Trump,Biden,"",0,.0003,,487,17:26:03 30 Oct 2020,40000
2020,President,polls-plus,10/30/2020,Trump,Biden,"",0,.00025,,486,17:26:03 30 Oct 2020,40000
2020,President,polls-plus,10/30/2020,Trump,Biden,"",0,.0003,,485,17:26:03 30 Oct 2020,40000
2020,President,polls-plus,10/30/2020,Trump,Biden,"",0,.000175,,484,17:26:03 30 Oct 2020,40000
2020,President,polls-plus,10/30/2020,Trump,Biden,"",0,.0003,,483,17:26:03 30 Oct 2020,40000
2020,President,polls-plus,10/30/2020,Trump,Biden,"",0,.000325,,482,17:26:03 30 Oct 2020,40000
2020,President,polls-plus,10/30/2020,Trump,Biden,"",0,.000425,,481,17:26:03 30 Oct 2020,40000
2020,President,polls-plus,10/30/2020,Trump,Biden,"",0,.0003,,480,17:26:03 30 Oct 2020,40000
2020,President,polls-plus,10/30/2020,Trump,Biden,"",.00025,0,,48,17:26:03 30 Oct 2020,40000
2020,President,polls-plus,10/30/2020,Trump,Biden,"",0,.0003,,479,17:26:03 30 Oct 2020,40000
2020,President,polls-plus,10/30/2020,Trump,Biden,"",0,.000375,,478,17:26:03 30 Oct 2020,40000
2020,President,polls-plus,10/30/2020,Trump,Biden,"",0,.0003,,477,17:26:03 30 Oct 2020,40000
2020,President,polls-plus,10/30/2020,Trump,Biden,"",0,.0005,,476,17:26:03 30 Oct 2020,40000
2020,President,polls-plus,10/30/2020,Trump,Biden,"",0,.0005,,475,17:26:03 30 Oct 2020,40000
2020,President,polls-plus,10/30/2020,Trump,Biden,"",0,.00035,,474,17:26:03 30 Oct 2020,40000
2020,President,polls-plus,10/30/2020,Trump,Biden,"",0,.0005,,473,17:26:03 30 Oct 2020,40000
2020,President,polls-plus,10/30/2020,Trump,Biden,"",0,.0004,,472,17:26:03 30 Oct 2020,40000
2020,President,polls-plus,10/30/2020,Trump,Biden,"",0,.000325,,471,17:26:03 30 Oct 2020,40000
2020,President,polls-plus,10/30/2020,Trump,Biden,"",0,.000675,,470,17:26:03 30 Oct 2020,40000
2020,President,polls-plus,10/30/2020,Trump,Biden,"",.00005,0,,47,17:26:03 30 Oct 2020,40000
2020,President,polls-plus,10/30/2020,Trump,Biden,"",0,.000625,,469,17:26:03 30 Oct 2020,40000
2020,President,polls-plus,10/30/2020,Trump,Biden,"",0,.000575,,468,17:26:03 30 Oct 2020,40000
2020,President,polls-plus,10/30/2020,Trump,Biden,"",0,.000675,,467,17:26:03 30 Oct 2020,40000
2020,President,polls-plus,10/30/2020,Trump,Biden,"",0,.0008,,466,17:26:03 30 Oct 2020,40000
2020,President,polls-plus,10/30/2020,Trump,Biden,"",0,.000575,,465,17:26:03 30 Oct 2020,40000
2020,President,polls-plus,10/30/2020,Trump,Biden,"",0,.000575,,464,17:26:03 30 Oct 2020,40000
2020,President,polls-plus,10/30/2020,Trump,Biden,"",0,.000875,,463,17:26:03 30 Oct 2020,40000
2020,President,polls-plus,10/30/2020,Trump,Biden,"",0,.000525,,462,17:26:03 30 Oct 2020,40000
2020,President,polls-plus,10/30/2020,Trump,Biden,"",.000025,.000625,,461,17:26:03 30 Oct 2020,40000
2020,President,polls-plus,10/30/2020,Trump,Biden,"",0,.001025,,460,17:26:03 30 Oct 2020,40000
2020,President,polls-plus,10/30/2020,Trump,Biden,"",.000225,0,,46,17:26:03 30 Oct 2020,40000
2020,President,polls-plus,10/30/2020,Trump,Biden,"",0,.000775,,459,17:26:03 30 Oct 2020,40000
2020,President,polls-plus,10/30/2020,Trump,Biden,"",0,.0009,,458,17:26:03 30 Oct 2020,40000
2020,President,polls-plus,10/30/2020,Trump,Biden,"",0,.000725,,457,17:26:03 30 Oct 2020,40000
2020,President,polls-plus,10/30/2020,Trump,Biden,"",0,.001475,,456,17:26:03 30 Oct 2020,40000
2020,President,polls-plus,10/30/2020,Trump,Biden,"",0,.001925,,455,17:26:03 30 Oct 2020,40000
2020,President,polls-plus,10/30/2020,Trump,Biden,"",0,.00075,,454,17:26:03 30 Oct 2020,40000
2020,President,polls-plus,10/30/2020,Trump,Biden,"",0,.000925,,453,17:26:03 30 Oct 2020,40000
2020,President,polls-plus,10/30/2020,Trump,Biden,"",0,.00155,,452,17:26:03 30 Oct 2020,40000
2020,President,polls-plus,10/30/2020,Trump,Biden,"",0,.000725,,451,17:26:03 30 Oct 2020,40000
2020,President,polls-plus,10/30/2020,Trump,Biden,"",0,.00105,,450,17:26:03 30 Oct 2020,40000
2020,President,polls-plus,10/30/2020,Trump,Biden,"",.0001,0,,45,17:26:03 30 Oct 2020,40000
2020,President,polls-plus,10/30/2020,Trump,Biden,"",0,.002075,,449,17:26:03 30 Oct 2020,40000
2020,President,polls-plus,10/30/2020,Trump,Biden,"",0,.000475,,448,17:26:03 30 Oct 2020,40000
2020,President,polls-plus,10/30/2020,Trump,Biden,"",.000025,.00135,,447,17:26:03 30 Oct 2020,40000
2020,President,polls-plus,10/30/2020,Trump,Biden,"",0,.001825,,446,17:26:03 30 Oct 2020,40000
2020,President,polls-plus,10/30/2020,Trump,Biden,"",0,.000775,,445,17:26:03 30 Oct 2020,40000
2020,President,polls-plus,10/30/2020,Trump,Biden,"",0,.001525,,444,17:26:03 30 Oct 2020,40000
2020,President,polls-plus,10/30/2020,Trump,Biden,"",0,.00175,,443,17:26:03 30 Oct 2020,40000
2020,President,polls-plus,10/30/2020,Trump,Biden,"",0,.001125,,442,17:26:03 30 Oct 2020,40000
2020,President,polls-plus,10/30/2020,Trump,Biden,"",0,.0018,,441,17:26:03 30 Oct 2020,40000
2020,President,polls-plus,10/30/2020,Trump,Biden,"",0,.001525,,440,17:26:03 30 Oct 2020,40000
2020,President,polls-plus,10/30/2020,Trump,Biden,"",.000175,0,,44,17:26:03 30 Oct 2020,40000
2020,President,polls-plus,10/30/2020,Trump,Biden,"",0,.001375,,439,17:26:03 30 Oct 2020,40000
2020,President,polls-plus,10/30/2020,Trump,Biden,"",0,.002175,,438,17:26:03 30 Oct 2020,40000
2020,President,polls-plus,10/30/2020,Trump,Biden,"",.00005,.002025,,437,17:26:03 30 Oct 2020,40000
2020,President,polls-plus,10/30/2020,Trump,Biden,"",0,.001575,,436,17:26:03 30 Oct 2020,40000
2020,President,polls-plus,10/30/2020,Trump,Biden,"",0,.00215,,435,17:26:03 30 Oct 2020,40000
2020,President,polls-plus,10/30/2020,Trump,Biden,"",.000025,.00215,,434,17:26:03 30 Oct 2020,40000
2020,President,polls-plus,10/30/2020,Trump,Biden,"",0,.001475,,433,17:26:03 30 Oct 2020,40000
2020,President,polls-plus,10/30/2020,Trump,Biden,"",.00005,.0022,,432,17:26:03 30 Oct 2020,40000
2020,President,polls-plus,10/30/2020,Trump,Biden,"",0,.002025,,431,17:26:03 30 Oct 2020,40000
2020,President,polls-plus,10/30/2020,Trump,Biden,"",0,.001925,,430,17:26:03 30 Oct 2020,40000
2020,President,polls-plus,10/30/2020,Trump,Biden,"",.000225,0,,43,17:26:03 30 Oct 2020,40000
2020,President,polls-plus,10/30/2020,Trump,Biden,"",0,.00345,,429,17:26:03 30 Oct 2020,40000
2020,President,polls-plus,10/30/2020,Trump,Biden,"",0,.0036,,428,17:26:03 30 Oct 2020,40000
2020,President,polls-plus,10/30/2020,Trump,Biden,"",0,.00285,,427,17:26:03 30 Oct 2020,40000
2020,President,polls-plus,10/30/2020,Trump,Biden,"",0,.00365,,426,17:26:03 30 Oct 2020,40000
2020,President,polls-plus,10/30/2020,Trump,Biden,"",.000025,.004675,,425,17:26:03 30 Oct 2020,40000
2020,President,polls-plus,10/30/2020,Trump,Biden,"",0,.002275,,424,17:26:03 30 Oct 2020,40000
2020,President,polls-plus,10/30/2020,Trump,Biden,"",.000025,.0032,,423,17:26:03 30 Oct 2020,40000
2020,President,polls-plus,10/30/2020,Trump,Biden,"",0,.006125,,422,17:26:03 30 Oct 2020,40000
2020,President,polls-plus,10/30/2020,Trump,Biden,"",0,.00295,,421,17:26:03 30 Oct 2020,40000
2020,President,polls-plus,10/30/2020,Trump,Biden,"",0,.001275,,420,17:26:03 30 Oct 2020,40000
2020,President,polls-plus,10/30/2020,Trump,Biden,"",.000275,0,,42,17:26:03 30 Oct 2020,40000
2020,President,polls-plus,10/30/2020,Trump,Biden,"",0,.0117,,419,17:26:03 30 Oct 2020,40000
2020,President,polls-plus,10/30/2020,Trump,Biden,"",0,.002425,,418,17:26:03 30 Oct 2020,40000
2020,President,polls-plus,10/30/2020,Trump,Biden,"",0,.001425,,417,17:26:03 30 Oct 2020,40000
2020,President,polls-plus,10/30/2020,Trump,Biden,"",0,.020075,,416,17:26:03 30 Oct 2020,40000
2020,President,polls-plus,10/30/2020,Trump,Biden,"",0,.0038,,415,17:26:03 30 Oct 2020,40000
2020,President,polls-plus,10/30/2020,Trump,Biden,"",0,.001525,,414,17:26:03 30 Oct 2020,40000
2020,President,polls-plus,10/30/2020,Trump,Biden,"",0,.05085,,413,17:26:03 30 Oct 2020,40000
2020,President,polls-plus,10/30/2020,Trump,Biden,"",0,.015,,412,17:26:03 30 Oct 2020,40000
2020,President,polls-plus,10/30/2020,Trump,Biden,"",0,.0009,,411,17:26:03 30 Oct 2020,40000
2020,President,polls-plus,10/30/2020,Trump,Biden,"",0,.002825,,410,17:26:03 30 Oct 2020,40000
2020,President,polls-plus,10/30/2020,Trump,Biden,"",.0002,0,,41,17:26:03 30 Oct 2020,40000
2020,President,polls-plus,10/30/2020,Trump,Biden,"",0,.001475,,409,17:26:03 30 Oct 2020,40000
2020,President,polls-plus,10/30/2020,Trump,Biden,"",0,.001225,,408,17:26:03 30 Oct 2020,40000
2020,President,polls-plus,10/30/2020,Trump,Biden,"",0,.007225,,407,17:26:03 30 Oct 2020,40000
2020,President,polls-plus,10/30/2020,Trump,Biden,"",0,.0076,,406,17:26:03 30 Oct 2020,40000
2020,President,polls-plus,10/30/2020,Trump,Biden,"",.000025,.000975,,405,17:26:03 30 Oct 2020,40000
2020,President,polls-plus,10/30/2020,Trump,Biden,"",0,.001325,,404,17:26:03 30 Oct 2020,40000
2020,President,polls-plus,10/30/2020,Trump,Biden,"",0,.00275,,403,17:26:03 30 Oct 2020,40000
2020,President,polls-plus,10/30/2020,Trump,Biden,"",0,.002275,,402,17:26:03 30 Oct 2020,40000
2020,President,polls-plus,10/30/2020,Trump,Biden,"",.000025,.0024,,401,17:26:03 30 Oct 2020,40000
2020,President,polls-plus,10/30/2020,Trump,Biden,"",.00005,.002725,,400,17:26:03 30 Oct 2020,40000
2020,President,polls-plus,10/30/2020,Trump,Biden,"",.00025,0,,40,17:26:03 30 Oct 2020,40000
2020,President,polls-plus,10/30/2020,Trump,Biden,"",.0004,0,,4,17:26:03 30 Oct 2020,40000
2020,President,polls-plus,10/30/2020,Trump,Biden,"",.000025,.00105,,399,17:26:03 30 Oct 2020,40000
2020,President,polls-plus,10/30/2020,Trump,Biden,"",0,.00265,,398,17:26:03 30 Oct 2020,40000
2020,President,polls-plus,10/30/2020,Trump,Biden,"",.00005,.00605,,397,17:26:03 30 Oct 2020,40000
2020,President,polls-plus,10/30/2020,Trump,Biden,"",0,.002375,,396,17:26:03 30 Oct 2020,40000
2020,President,polls-plus,10/30/2020,Trump,Biden,"",0,.0065,,395,17:26:03 30 Oct 2020,40000
2020,President,polls-plus,10/30/2020,Trump,Biden,"",0,.0092,,394,17:26:03 30 Oct 2020,40000
2020,President,polls-plus,10/30/2020,Trump,Biden,"",0,.001175,,393,17:26:03 30 Oct 2020,40000
2020,President,polls-plus,10/30/2020,Trump,Biden,"",0,.002725,,392,17:26:03 30 Oct 2020,40000
2020,President,polls-plus,10/30/2020,Trump,Biden,"",.000025,.0034,,391,17:26:03 30 Oct 2020,40000
2020,President,polls-plus,10/30/2020,Trump,Biden,"",.000025,.0023,,390,17:26:03 30 Oct 2020,40000
2020,President,polls-plus,10/30/2020,Trump,Biden,"",.0001,0,,39,17:26:03 30 Oct 2020,40000
2020,President,polls-plus,10/30/2020,Trump,Biden,"",.000025,.0056,,389,17:26:03 30 Oct 2020,40000
2020,President,polls-plus,10/30/2020,Trump,Biden,"",0,.012025,,388,17:26:03 30 Oct 2020,40000
2020,President,polls-plus,10/30/2020,Trump,Biden,"",0,.003325,,387,17:26:03 30 Oct 2020,40000
2020,President,polls-plus,10/30/2020,Trump,Biden,"",.000025,.0027,,386,17:26:03 30 Oct 2020,40000
2020,President,polls-plus,10/30/2020,Trump,Biden,"",.00005,.001475,,385,17:26:03 30 Oct 2020,40000
2020,President,polls-plus,10/30/2020,Trump,Biden,"",0,.003025,,384,17:26:03 30 Oct 2020,40000
2020,President,polls-plus,10/30/2020,Trump,Biden,"",0,.001875,,383,17:26:03 30 Oct 2020,40000
2020,President,polls-plus,10/30/2020,Trump,Biden,"",.000075,.002675,,382,17:26:03 30 Oct 2020,40000
2020,President,polls-plus,10/30/2020,Trump,Biden,"",0,.004775,,381,17:26:03 30 Oct 2020,40000
2020,President,polls-plus,10/30/2020,Trump,Biden,"",0,.001825,,380,17:26:03 30 Oct 2020,40000
2020,President,polls-plus,10/30/2020,Trump,Biden,"",.00015,0,,38,17:26:03 30 Oct 2020,40000
2020,President,polls-plus,10/30/2020,Trump,Biden,"",0,.003075,,379,17:26:03 30 Oct 2020,40000
2020,President,polls-plus,10/30/2020,Trump,Biden,"",.000025,.011875,,378,17:26:03 30 Oct 2020,40000
2020,President,polls-plus,10/30/2020,Trump,Biden,"",0,.002975,,377,17:26:03 30 Oct 2020,40000
2020,President,polls-plus,10/30/2020,Trump,Biden,"",.000025,.00175,,376,17:26:03 30 Oct 2020,40000
2020,President,polls-plus,10/30/2020,Trump,Biden,"",.0002,.03045,,375,17:26:03 30 Oct 2020,40000
2020,President,polls-plus,10/30/2020,Trump,Biden,"",.000075,.009675,,374,17:26:03 30 Oct 2020,40000
2020,President,polls-plus,10/30/2020,Trump,Biden,"",.000075,.003825,,373,17:26:03 30 Oct 2020,40000
2020,President,polls-plus,10/30/2020,Trump,Biden,"",.000025,.003975,,372,17:26:03 30 Oct 2020,40000
2020,President,polls-plus,10/30/2020,Trump,Biden,"",0,.002575,,371,17:26:03 30 Oct 2020,40000
2020,President,polls-plus,10/30/2020,Trump,Biden,"",.000075,.001375,,370,17:26:03 30 Oct 2020,40000
2020,President,polls-plus,10/30/2020,Trump,Biden,"",.00005,0,,37,17:26:03 30 Oct 2020,40000
2020,President,polls-plus,10/30/2020,Trump,Biden,"",.00005,.0104,,369,17:26:03 30 Oct 2020,40000
2020,President,polls-plus,10/30/2020,Trump,Biden,"",0,.00785,,368,17:26:03 30 Oct 2020,40000
2020,President,polls-plus,10/30/2020,Trump,Biden,"",0,.001925,,367,17:26:03 30 Oct 2020,40000
2020,President,polls-plus,10/30/2020,Trump,Biden,"",.00005,.002175,,366,17:26:03 30 Oct 2020,40000
2020,President,polls-plus,10/30/2020,Trump,Biden,"",.000025,.00255,,365,17:26:03 30 Oct 2020,40000
2020,President,polls-plus,10/30/2020,Trump,Biden,"",0,.0057,,364,17:26:03 30 Oct 2020,40000
2020,President,polls-plus,10/30/2020,Trump,Biden,"",.000325,.00305,,363,17:26:03 30 Oct 2020,40000
2020,President,polls-plus,10/30/2020,Trump,Biden,"",.00025,.004425,,362,17:26:03 30 Oct 2020,40000
2020,President,polls-plus,10/30/2020,Trump,Biden,"",.000025,.002275,,361,17:26:03 30 Oct 2020,40000
2020,President,polls-plus,10/30/2020,Trump,Biden,"",.000025,.00415,,360,17:26:03 30 Oct 2020,40000
2020,President,polls-plus,10/30/2020,Trump,Biden,"",.0002,0,,36,17:26:03 30 Oct 2020,40000
2020,President,polls-plus,10/30/2020,Trump,Biden,"",0,.011625,,359,17:26:03 30 Oct 2020,40000
2020,President,polls-plus,10/30/2020,Trump,Biden,"",0,.0048,,358,17:26:03 30 Oct 2020,40000
2020,President,polls-plus,10/30/2020,Trump,Biden,"",.00005,.0116,,357,17:26:03 30 Oct 2020,40000
2020,President,polls-plus,10/30/2020,Trump,Biden,"",.0002,.008175,,356,17:26:03 30 Oct 2020,40000
2020,President,polls-plus,10/30/2020,Trump,Biden,"",.000425,.00175,,355,17:26:03 30 Oct 2020,40000
2020,President,polls-plus,10/30/2020,Trump,Biden,"",.000025,.0025,,354,17:26:03 30 Oct 2020,40000
2020,President,polls-plus,10/30/2020,Trump,Biden,"",.0001,.006,,353,17:26:03 30 Oct 2020,40000
2020,President,polls-plus,10/30/2020,Trump,Biden,"",.000025,.0036,,352,17:26:03 30 Oct 2020,40000
2020,President,polls-plus,10/30/2020,Trump,Biden,"",.000075,.010575,,351,17:26:03 30 Oct 2020,40000
2020,President,polls-plus,10/30/2020,Trump,Biden,"",.000425,.016575,,350,17:26:03 30 Oct 2020,40000
2020,President,polls-plus,10/30/2020,Trump,Biden,"",.000225,0,,35,17:26:03 30 Oct 2020,40000
2020,President,polls-plus,10/30/2020,Trump,Biden,"",.000175,.00425,,349,17:26:03 30 Oct 2020,40000
2020,President,polls-plus,10/30/2020,Trump,Biden,"",.00025,.00375,,348,17:26:03 30 Oct 2020,40000
2020,President,polls-plus,10/30/2020,Trump,Biden,"",.0002,.00285,,347,17:26:03 30 Oct 2020,40000
2020,President,polls-plus,10/30/2020,Trump,Biden,"",.0002,.005275,,346,17:26:03 30 Oct 2020,40000
2020,President,polls-plus,10/30/2020,Trump,Biden,"",.000225,.0029,,345,17:26:03 30 Oct 2020,40000
2020,President,polls-plus,10/30/2020,Trump,Biden,"",.00025,.005725,,344,17:26:03 30 Oct 2020,40000
2020,President,polls-plus,10/30/2020,Trump,Biden,"",.000075,.002625,,343,17:26:03 30 Oct 2020,40000
2020,President,polls-plus,10/30/2020,Trump,Biden,"",.000775,.0035,,342,17:26:03 30 Oct 2020,40000
2020,President,polls-plus,10/30/2020,Trump,Biden,"",.000475,.007275,,341,17:26:03 30 Oct 2020,40000
2020,President,polls-plus,10/30/2020,Trump,Biden,"",.000575,.006425,,340,17:26:03 30 Oct 2020,40000
2020,President,polls-plus,10/30/2020,Trump,Biden,"",.00015,0,,34,17:26:03 30 Oct 2020,40000
2020,President,polls-plus,10/30/2020,Trump,Biden,"",.0002,.007675,,339,17:26:03 30 Oct 2020,40000
2020,President,polls-plus,10/30/2020,Trump,Biden,"",.000275,.00445,,338,17:26:03 30 Oct 2020,40000
2020,President,polls-plus,10/30/2020,Trump,Biden,"",.00055,.00335,,337,17:26:03 30 Oct 2020,40000
2020,President,polls-plus,10/30/2020,Trump,Biden,"",.000325,.003325,,336,17:26:03 30 Oct 2020,40000
2020,President,polls-plus,10/30/2020,Trump,Biden,"",.0004,.013125,,335,17:26:03 30 Oct 2020,40000
2020,President,polls-plus,10/30/2020,Trump,Biden,"",.0003,.011325,,334,17:26:03 30 Oct 2020,40000
2020,President,polls-plus,10/30/2020,Trump,Biden,"",.0008,.004775,,333,17:26:03 30 Oct 2020,40000
2020,President,polls-plus,10/30/2020,Trump,Biden,"",.000275,.002,,332,17:26:03 30 Oct 2020,40000
2020,President,polls-plus,10/30/2020,Trump,Biden,"",.000725,.00265,,331,17:26:03 30 Oct 2020,40000
2020,President,polls-plus,10/30/2020,Trump,Biden,"",.000275,.004925,,330,17:26:03 30 Oct 2020,40000
2020,President,polls-plus,10/30/2020,Trump,Biden,"",.000225,0,,33,17:26:03 30 Oct 2020,40000
2020,President,polls-plus,10/30/2020,Trump,Biden,"",.00055,.0055,,329,17:26:03 30 Oct 2020,40000
2020,President,polls-plus,10/30/2020,Trump,Biden,"",.001975,.00325,,328,17:26:03 30 Oct 2020,40000
2020,President,polls-plus,10/30/2020,Trump,Biden,"",.000625,.00305,,327,17:26:03 30 Oct 2020,40000
2020,President,polls-plus,10/30/2020,Trump,Biden,"",.00145,.0041,,326,17:26:03 30 Oct 2020,40000
2020,President,polls-plus,10/30/2020,Trump,Biden,"",.000275,.00425,,325,17:26:03 30 Oct 2020,40000
2020,President,polls-plus,10/30/2020,Trump,Biden,"",.0004,.0075,,324,17:26:03 30 Oct 2020,40000
2020,President,polls-plus,10/30/2020,Trump,Biden,"",.0004,.005975,,323,17:26:03 30 Oct 2020,40000
2020,President,polls-plus,10/30/2020,Trump,Biden,"",.001625,.004675,,322,17:26:03 30 Oct 2020,40000
2020,President,polls-plus,10/30/2020,Trump,Biden,"",.000575,.00395,,321,17:26:03 30 Oct 2020,40000
2020,President,polls-plus,10/30/2020,Trump,Biden,"",.000325,.00615,,320,17:26:03 30 Oct 2020,40000
2020,President,polls-plus,10/30/2020,Trump,Biden,"",.00005,0,,32,17:26:03 30 Oct 2020,40000
2020,President,polls-plus,10/30/2020,Trump,Biden,"",.000575,.0145,,319,17:26:03 30 Oct 2020,40000
2020,President,polls-plus,10/30/2020,Trump,Biden,"",.001075,.00525,,318,17:26:03 30 Oct 2020,40000
2020,President,polls-plus,10/30/2020,Trump,Biden,"",.000625,.00275,,317,17:26:03 30 Oct 2020,40000
2020,President,polls-plus,10/30/2020,Trump,Biden,"",.001175,.0037,,316,17:26:03 30 Oct 2020,40000
2020,President,polls-plus,10/30/2020,Trump,Biden,"",.000575,.0045,,315,17:26:03 30 Oct 2020,40000
2020,President,polls-plus,10/30/2020,Trump,Biden,"",.000425,.00305,,314,17:26:03 30 Oct 2020,40000
2020,President,polls-plus,10/30/2020,Trump,Biden,"",.000625,.00705,,313,17:26:03 30 Oct 2020,40000
2020,President,polls-plus,10/30/2020,Trump,Biden,"",.0025,.0046,,312,17:26:03 30 Oct 2020,40000
2020,President,polls-plus,10/30/2020,Trump,Biden,"",.001175,.003925,,311,17:26:03 30 Oct 2020,40000
2020,President,polls-plus,10/30/2020,Trump,Biden,"",.001225,.005,,310,17:26:03 30 Oct 2020,40000
2020,President,polls-plus,10/30/2020,Trump,Biden,"",.00015,0,,31,17:26:03 30 Oct 2020,40000
2020,President,polls-plus,10/30/2020,Trump,Biden,"",.000675,.005325,,309,17:26:03 30 Oct 2020,40000
2020,President,polls-plus,10/30/2020,Trump,Biden,"",.0005,.00625,,308,17:26:03 30 Oct 2020,40000
2020,President,polls-plus,10/30/2020,Trump,Biden,"",.00045,.004275,,307,17:26:03 30 Oct 2020,40000
2020,President,polls-plus,10/30/2020,Trump,Biden,"",.002375,.005625,,306,17:26:03 30 Oct 2020,40000
2020,President,polls-plus,10/30/2020,Trump,Biden,"",.00105,.0056,,305,17:26:03 30 Oct 2020,40000
2020,President,polls-plus,10/30/2020,Trump,Biden,"",.00095,.003575,,304,17:26:03 30 Oct 2020,40000
2020,President,polls-plus,10/30/2020,Trump,Biden,"",.00045,.002075,,303,17:26:03 30 Oct 2020,40000
2020,President,polls-plus,10/30/2020,Trump,Biden,"",.0014,.00205,,302,17:26:03 30 Oct 2020,40000
2020,President,polls-plus,10/30/2020,Trump,Biden,"",.001125,.002775,,301,17:26:03 30 Oct 2020,40000
2020,President,polls-plus,10/30/2020,Trump,Biden,"",.001675,.0025,,300,17:26:03 30 Oct 2020,40000
2020,President,polls-plus,10/30/2020,Trump,Biden,"",0,0,,30,17:26:03 30 Oct 2020,40000
2020,President,polls-plus,10/30/2020,Trump,Biden,"",0,0,,3,17:26:03 30 Oct 2020,40000
2020,President,polls-plus,10/30/2020,Trump,Biden,"",.000725,.00275,,299,17:26:03 30 Oct 2020,40000
2020,President,polls-plus,10/30/2020,Trump,Biden,"",.0005,.0041,,298,17:26:03 30 Oct 2020,40000
2020,President,polls-plus,10/30/2020,Trump,Biden,"",.000425,.00455,,297,17:26:03 30 Oct 2020,40000
2020,President,polls-plus,10/30/2020,Trump,Biden,"",.003675,.002975,,296,17:26:03 30 Oct 2020,40000
2020,President,polls-plus,10/30/2020,Trump,Biden,"",.001825,.008175,,295,17:26:03 30 Oct 2020,40000
2020,President,polls-plus,10/30/2020,Trump,Biden,"",.00135,.00935,,294,17:26:03 30 Oct 2020,40000
2020,President,polls-plus,10/30/2020,Trump,Biden,"",.00075,.003675,,293,17:26:03 30 Oct 2020,40000
2020,President,polls-plus,10/30/2020,Trump,Biden,"",.0011,.0015,,292,17:26:03 30 Oct 2020,40000
2020,President,polls-plus,10/30/2020,Trump,Biden,"",.001325,.0063,,291,17:26:03 30 Oct 2020,40000
2020,President,polls-plus,10/30/2020,Trump,Biden,"",.003375,.01445,,290,17:26:03 30 Oct 2020,40000
2020,President,polls-plus,10/30/2020,Trump,Biden,"",.0001,0,,29,17:26:03 30 Oct 2020,40000
2020,President,polls-plus,10/30/2020,Trump,Biden,"",.001925,.005425,,289,17:26:03 30 Oct 2020,40000
2020,President,polls-plus,10/30/2020,Trump,Biden,"",.00065,.002725,,288,17:26:03 30 Oct 2020,40000
2020,President,polls-plus,10/30/2020,Trump,Biden,"",.00075,.0018,,287,17:26:03 30 Oct 2020,40000
2020,President,polls-plus,10/30/2020,Trump,Biden,"",.004375,.00255,,286,17:26:03 30 Oct 2020,40000
2020,President,polls-plus,10/30/2020,Trump,Biden,"",.004975,.002775,,285,17:26:03 30 Oct 2020,40000
2020,President,polls-plus,10/30/2020,Trump,Biden,"",.002325,.00205,,284,17:26:03 30 Oct 2020,40000
2020,President,polls-plus,10/30/2020,Trump,Biden,"",.0019,.00235,,283,17:26:03 30 Oct 2020,40000
2020,President,polls-plus,10/30/2020,Trump,Biden,"",.001,.001975,,282,17:26:03 30 Oct 2020,40000
2020,President,polls-plus,10/30/2020,Trump,Biden,"",.001325,.001425,,281,17:26:03 30 Oct 2020,40000
2020,President,polls-plus,10/30/2020,Trump,Biden,"",.006975,.00885,,280,17:26:03 30 Oct 2020,40000
2020,President,polls-plus,10/30/2020,Trump,Biden,"",.00015,0,,28,17:26:03 30 Oct 2020,40000
2020,President,polls-plus,10/30/2020,Trump,Biden,"",.00675,.019175,,279,17:26:03 30 Oct 2020,40000
2020,President,polls-plus,10/30/2020,Trump,Biden,"",.001225,.00815,,278,17:26:03 30 Oct 2020,40000
2020,President,polls-plus,10/30/2020,Trump,Biden,"",.000525,.001325,,277,17:26:03 30 Oct 2020,40000
2020,President,polls-plus,10/30/2020,Trump,Biden,"",.00125,.001,,276,17:26:03 30 Oct 2020,40000
2020,President,polls-plus,10/30/2020,Trump,Biden,"",.0024,.0019,,275,17:26:03 30 Oct 2020,40000
2020,President,polls-plus,10/30/2020,Trump,Biden,"",.0019,.00415,,274,17:26:03 30 Oct 2020,40000
2020,President,polls-plus,10/30/2020,Trump,Biden,"",.001825,.006375,,273,17:26:03 30 Oct 2020,40000
2020,President,polls-plus,10/30/2020,Trump,Biden,"",.001125,.0027,,272,17:26:03 30 Oct 2020,40000
2020,President,polls-plus,10/30/2020,Trump,Biden,"",.001175,.001475,,271,17:26:03 30 Oct 2020,40000
2020,President,polls-plus,10/30/2020,Trump,Biden,"",.003025,.003375,,270,17:26:03 30 Oct 2020,40000
2020,President,polls-plus,10/30/2020,Trump,Biden,"",.0001,0,,27,17:26:03 30 Oct 2020,40000
2020,President,polls-plus,10/30/2020,Trump,Biden,"",.005,.005,,269,17:26:03 30 Oct 2020,40000
2020,President,polls-plus,10/30/2020,Trump,Biden,"",.003375,.003025,,268,17:26:03 30 Oct 2020,40000
2020,President,polls-plus,10/30/2020,Trump,Biden,"",.001475,.001175,,267,17:26:03 30 Oct 2020,40000
2020,President,polls-plus,10/30/2020,Trump,Biden,"",.0027,.001125,,266,17:26:03 30 Oct 2020,40000
2020,President,polls-plus,10/30/2020,Trump,Biden,"",.006375,.001825,,265,17:26:03 30 Oct 2020,40000
2020,President,polls-plus,10/30/2020,Trump,Biden,"",.00415,.0019,,264,17:26:03 30 Oct 2020,40000
2020,President,polls-plus,10/30/2020,Trump,Biden,"",.0019,.0024,,263,17:26:03 30 Oct 2020,40000
2020,President,polls-plus,10/30/2020,Trump,Biden,"",.001,.00125,,262,17:26:03 30 Oct 2020,40000
2020,President,polls-plus,10/30/2020,Trump,Biden,"",.001325,.000525,,261,17:26:03 30 Oct 2020,40000
2020,President,polls-plus,10/30/2020,Trump,Biden,"",.00815,.001225,,260,17:26:03 30 Oct 2020,40000
2020,President,polls-plus,10/30/2020,Trump,Biden,"",.00005,0,,26,17:26:03 30 Oct 2020,40000
2020,President,polls-plus,10/30/2020,Trump,Biden,"",.019175,.00675,,259,17:26:03 30 Oct 2020,40000
2020,President,polls-plus,10/30/2020,Trump,Biden,"",.00885,.006975,,258,17:26:03 30 Oct 2020,40000
2020,President,polls-plus,10/30/2020,Trump,Biden,"",.001425,.001325,,257,17:26:03 30 Oct 2020,40000
2020,President,polls-plus,10/30/2020,Trump,Biden,"",.001975,.001,,256,17:26:03 30 Oct 2020,40000
2020,President,polls-plus,10/30/2020,Trump,Biden,"",.00235,.0019,,255,17:26:03 30 Oct 2020,40000
2020,President,polls-plus,10/30/2020,Trump,Biden,"",.00205,.002325,,254,17:26:03 30 Oct 2020,40000
2020,President,polls-plus,10/30/2020,Trump,Biden,"",.002775,.004975,,253,17:26:03 30 Oct 2020,40000
2020,President,polls-plus,10/30/2020,Trump,Biden,"",.00255,.004375,,252,17:26:03 30 Oct 2020,40000
2020,President,polls-plus,10/30/2020,Trump,Biden,"",.0018,.00075,,251,17:26:03 30 Oct 2020,40000
2020,President,polls-plus,10/30/2020,Trump,Biden,"",.002725,.00065,,250,17:26:03 30 Oct 2020,40000
2020,President,polls-plus,10/30/2020,Trump,Biden,"",.000175,0,,25,17:26:03 30 Oct 2020,40000
2020,President,polls-plus,10/30/2020,Trump,Biden,"",.005425,.001925,,249,17:26:03 30 Oct 2020,40000
2020,President,polls-plus,10/30/2020,Trump,Biden,"",.01445,.003375,,248,17:26:03 30 Oct 2020,40000
2020,President,polls-plus,10/30/2020,Trump,Biden,"",.0063,.001325,,247,17:26:03 30 Oct 2020,40000
2020,President,polls-plus,10/30/2020,Trump,Biden,"",.0015,.0011,,246,17:26:03 30 Oct 2020,40000
2020,President,polls-plus,10/30/2020,Trump,Biden,"",.003675,.00075,,245,17:26:03 30 Oct 2020,40000
2020,President,polls-plus,10/30/2020,Trump,Biden,"",.00935,.00135,,244,17:26:03 30 Oct 2020,40000
2020,President,polls-plus,10/30/2020,Trump,Biden,"",.008175,.001825,,243,17:26:03 30 Oct 2020,40000
2020,President,polls-plus,10/30/2020,Trump,Biden,"",.002975,.003675,,242,17:26:03 30 Oct 2020,40000
2020,President,polls-plus,10/30/2020,Trump,Biden,"",.00455,.000425,,241,17:26:03 30 Oct 2020,40000
2020,President,polls-plus,10/30/2020,Trump,Biden,"",.0041,.0005,,240,17:26:03 30 Oct 2020,40000
2020,President,polls-plus,10/30/2020,Trump,Biden,"",.000125,0,,24,17:26:03 30 Oct 2020,40000
2020,President,polls-plus,10/30/2020,Trump,Biden,"",.00275,.000725,,239,17:26:03 30 Oct 2020,40000
2020,President,polls-plus,10/30/2020,Trump,Biden,"",.0025,.001675,,238,17:26:03 30 Oct 2020,40000
2020,President,polls-plus,10/30/2020,Trump,Biden,"",.002775,.001125,,237,17:26:03 30 Oct 2020,40000
2020,President,polls-plus,10/30/2020,Trump,Biden,"",.00205,.0014,,236,17:26:03 30 Oct 2020,40000
2020,President,polls-plus,10/30/2020,Trump,Biden,"",.002075,.00045,,235,17:26:03 30 Oct 2020,40000
2020,President,polls-plus,10/30/2020,Trump,Biden,"",.003575,.00095,,234,17:26:03 30 Oct 2020,40000
2020,President,polls-plus,10/30/2020,Trump,Biden,"",.0056,.00105,,233,17:26:03 30 Oct 2020,40000
2020,President,polls-plus,10/30/2020,Trump,Biden,"",.005625,.002375,,232,17:26:03 30 Oct 2020,40000
2020,President,polls-plus,10/30/2020,Trump,Biden,"",.004275,.00045,,231,17:26:03 30 Oct 2020,40000
2020,President,polls-plus,10/30/2020,Trump,Biden,"",.00625,.0005,,230,17:26:03 30 Oct 2020,40000
2020,President,polls-plus,10/30/2020,Trump,Biden,"",.000175,0,,23,17:26:03 30 Oct 2020,40000
2020,President,polls-plus,10/30/2020,Trump,Biden,"",.005325,.000675,,229,17:26:03 30 Oct 2020,40000
2020,President,polls-plus,10/30/2020,Trump,Biden,"",.005,.001225,,228,17:26:03 30 Oct 2020,40000
2020,President,polls-plus,10/30/2020,Trump,Biden,"",.003925,.001175,,227,17:26:03 30 Oct 2020,40000
2020,President,polls-plus,10/30/2020,Trump,Biden,"",.0046,.0025,,226,17:26:03 30 Oct 2020,40000
2020,President,polls-plus,10/30/2020,Trump,Biden,"",.00705,.000625,,225,17:26:03 30 Oct 2020,40000
2020,President,polls-plus,10/30/2020,Trump,Biden,"",.00305,.000425,,224,17:26:03 30 Oct 2020,40000
2020,President,polls-plus,10/30/2020,Trump,Biden,"",.0045,.000575,,223,17:26:03 30 Oct 2020,40000
2020,President,polls-plus,10/30/2020,Trump,Biden,"",.0037,.001175,,222,17:26:03 30 Oct 2020,40000
2020,President,polls-plus,10/30/2020,Trump,Biden,"",.00275,.000625,,221,17:26:03 30 Oct 2020,40000
2020,President,polls-plus,10/30/2020,Trump,Biden,"",.00525,.001075,,220,17:26:03 30 Oct 2020,40000
2020,President,polls-plus,10/30/2020,Trump,Biden,"",.000125,0,,22,17:26:03 30 Oct 2020,40000
2020,President,polls-plus,10/30/2020,Trump,Biden,"",.0145,.000575,,219,17:26:03 30 Oct 2020,40000
2020,President,polls-plus,10/30/2020,Trump,Biden,"",.00615,.000325,,218,17:26:03 30 Oct 2020,40000
2020,President,polls-plus,10/30/2020,Trump,Biden,"",.00395,.000575,,217,17:26:03 30 Oct 2020,40000
2020,President,polls-plus,10/30/2020,Trump,Biden,"",.004675,.001625,,216,17:26:03 30 Oct 2020,40000
2020,President,polls-plus,10/30/2020,Trump,Biden,"",.005975,.0004,,215,17:26:03 30 Oct 2020,40000
2020,President,polls-plus,10/30/2020,Trump,Biden,"",.0075,.0004,,214,17:26:03 30 Oct 2020,40000
2020,President,polls-plus,10/30/2020,Trump,Biden,"",.00425,.000275,,213,17:26:03 30 Oct 2020,40000
2020,President,polls-plus,10/30/2020,Trump,Biden,"",.0041,.00145,,212,17:26:03 30 Oct 2020,40000
2020,President,polls-plus,10/30/2020,Trump,Biden,"",.00305,.000625,,211,17:26:03 30 Oct 2020,40000
2020,President,polls-plus,10/30/2020,Trump,Biden,"",.00325,.001975,,210,17:26:03 30 Oct 2020,40000
2020,President,polls-plus,10/30/2020,Trump,Biden,"",.000125,0,,21,17:26:03 30 Oct 2020,40000
2020,President,polls-plus,10/30/2020,Trump,Biden,"",.0055,.00055,,209,17:26:03 30 Oct 2020,40000
2020,President,polls-plus,10/30/2020,Trump,Biden,"",.004925,.000275,,208,17:26:03 30 Oct 2020,40000
2020,President,polls-plus,10/30/2020,Trump,Biden,"",.00265,.000725,,207,17:26:03 30 Oct 2020,40000
2020,President,polls-plus,10/30/2020,Trump,Biden,"",.002,.000275,,206,17:26:03 30 Oct 2020,40000
2020,President,polls-plus,10/30/2020,Trump,Biden,"",.004775,.0008,,205,17:26:03 30 Oct 2020,40000
2020,President,polls-plus,10/30/2020,Trump,Biden,"",.011325,.0003,,204,17:26:03 30 Oct 2020,40000
2020,President,polls-plus,10/30/2020,Trump,Biden,"",.013125,.0004,,203,17:26:03 30 Oct 2020,40000
2020,President,polls-plus,10/30/2020,Trump,Biden,"",.003325,.000325,,202,17:26:03 30 Oct 2020,40000
2020,President,polls-plus,10/30/2020,Trump,Biden,"",.00335,.00055,,201,17:26:03 30 Oct 2020,40000
2020,President,polls-plus,10/30/2020,Trump,Biden,"",.00445,.000275,,200,17:26:03 30 Oct 2020,40000
2020,President,polls-plus,10/30/2020,Trump,Biden,"",.00005,0,,20,17:26:03 30 Oct 2020,40000
2020,President,polls-plus,10/30/2020,Trump,Biden,"",0,0,,2,17:26:03 30 Oct 2020,40000
2020,President,polls-plus,10/30/2020,Trump,Biden,"",.007675,.0002,,199,17:26:03 30 Oct 2020,40000
2020,President,polls-plus,10/30/2020,Trump,Biden,"",.006425,.000575,,198,17:26:03 30 Oct 2020,40000
2020,President,polls-plus,10/30/2020,Trump,Biden,"",.007275,.000475,,197,17:26:03 30 Oct 2020,40000
2020,President,polls-plus,10/30/2020,Trump,Biden,"",.0035,.000775,,196,17:26:03 30 Oct 2020,40000
2020,President,polls-plus,10/30/2020,Trump,Biden,"",.002625,.000075,,195,17:26:03 30 Oct 2020,40000
2020,President,polls-plus,10/30/2020,Trump,Biden,"",.005725,.00025,,194,17:26:03 30 Oct 2020,40000
2020,President,polls-plus,10/30/2020,Trump,Biden,"",.0029,.000225,,193,17:26:03 30 Oct 2020,40000
2020,President,polls-plus,10/30/2020,Trump,Biden,"",.005275,.0002,,192,17:26:03 30 Oct 2020,40000
2020,President,polls-plus,10/30/2020,Trump,Biden,"",.00285,.0002,,191,17:26:03 30 Oct 2020,40000
2020,President,polls-plus,10/30/2020,Trump,Biden,"",.00375,.00025,,190,17:26:03 30 Oct 2020,40000
2020,President,polls-plus,10/30/2020,Trump,Biden,"",.000175,0,,19,17:26:03 30 Oct 2020,40000
2020,President,polls-plus,10/30/2020,Trump,Biden,"",.00425,.000175,,189,17:26:03 30 Oct 2020,40000
2020,President,polls-plus,10/30/2020,Trump,Biden,"",.016575,.000425,,188,17:26:03 30 Oct 2020,40000
2020,President,polls-plus,10/30/2020,Trump,Biden,"",.010575,.000075,,187,17:26:03 30 Oct 2020,40000
2020,President,polls-plus,10/30/2020,Trump,Biden,"",.0036,.000025,,186,17:26:03 30 Oct 2020,40000
2020,President,polls-plus,10/30/2020,Trump,Biden,"",.006,.0001,,185,17:26:03 30 Oct 2020,40000
2020,President,polls-plus,10/30/2020,Trump,Biden,"",.0025,.000025,,184,17:26:03 30 Oct 2020,40000
2020,President,polls-plus,10/30/2020,Trump,Biden,"",.00175,.000425,,183,17:26:03 30 Oct 2020,40000
2020,President,polls-plus,10/30/2020,Trump,Biden,"",.008175,.0002,,182,17:26:03 30 Oct 2020,40000
2020,President,polls-plus,10/30/2020,Trump,Biden,"",.0116,.00005,,181,17:26:03 30 Oct 2020,40000
2020,President,polls-plus,10/30/2020,Trump,Biden,"",.0048,0,,180,17:26:03 30 Oct 2020,40000
2020,President,polls-plus,10/30/2020,Trump,Biden,"",.000075,0,,18,17:26:03 30 Oct 2020,40000
2020,President,polls-plus,10/30/2020,Trump,Biden,"",.011625,0,,179,17:26:03 30 Oct 2020,40000
2020,President,polls-plus,10/30/2020,Trump,Biden,"",.00415,.000025,,178,17:26:03 30 Oct 2020,40000
2020,President,polls-plus,10/30/2020,Trump,Biden,"",.002275,.000025,,177,17:26:03 30 Oct 2020,40000
2020,President,polls-plus,10/30/2020,Trump,Biden,"",.004425,.00025,,176,17:26:03 30 Oct 2020,40000
2020,President,polls-plus,10/30/2020,Trump,Biden,"",.00305,.000325,,175,17:26:03 30 Oct 2020,40000
2020,President,polls-plus,10/30/2020,Trump,Biden,"",.0057,0,,174,17:26:03 30 Oct 2020,40000
2020,President,polls-plus,10/30/2020,Trump,Biden,"",.00255,.000025,,173,17:26:03 30 Oct 2020,40000
2020,President,polls-plus,10/30/2020,Trump,Biden,"",.002175,.00005,,172,17:26:03 30 Oct 2020,40000
2020,President,polls-plus,10/30/2020,Trump,Biden,"",.001925,0,,171,17:26:03 30 Oct 2020,40000
2020,President,polls-plus,10/30/2020,Trump,Biden,"",.00785,0,,170,17:26:03 30 Oct 2020,40000
2020,President,polls-plus,10/30/2020,Trump,Biden,"",.000075,0,,17,17:26:03 30 Oct 2020,40000
2020,President,polls-plus,10/30/2020,Trump,Biden,"",.0104,.00005,,169,17:26:03 30 Oct 2020,40000
2020,President,polls-plus,10/30/2020,Trump,Biden,"",.001375,.000075,,168,17:26:03 30 Oct 2020,40000
2020,President,polls-plus,10/30/2020,Trump,Biden,"",.002575,0,,167,17:26:03 30 Oct 2020,40000
2020,President,polls-plus,10/30/2020,Trump,Biden,"",.003975,.000025,,166,17:26:03 30 Oct 2020,40000
2020,President,polls-plus,10/30/2020,Trump,Biden,"",.003825,.000075,,165,17:26:03 30 Oct 2020,40000
2020,President,polls-plus,10/30/2020,Trump,Biden,"",.009675,.000075,,164,17:26:03 30 Oct 2020,40000
2020,President,polls-plus,10/30/2020,Trump,Biden,"",.03045,.0002,,163,17:26:03 30 Oct 2020,40000
2020,President,polls-plus,10/30/2020,Trump,Biden,"",.00175,.000025,,162,17:26:03 30 Oct 2020,40000
2020,President,polls-plus,10/30/2020,Trump,Biden,"",.002975,0,,161,17:26:03 30 Oct 2020,40000
2020,President,polls-plus,10/30/2020,Trump,Biden,"",.011875,.000025,,160,17:26:03 30 Oct 2020,40000
2020,President,polls-plus,10/30/2020,Trump,Biden,"",.0001,0,,16,17:26:03 30 Oct 2020,40000
2020,President,polls-plus,10/30/2020,Trump,Biden,"",.003075,0,,159,17:26:03 30 Oct 2020,40000
2020,President,polls-plus,10/30/2020,Trump,Biden,"",.001825,0,,158,17:26:03 30 Oct 2020,40000
2020,President,polls-plus,10/30/2020,Trump,Biden,"",.004775,0,,157,17:26:03 30 Oct 2020,40000
2020,President,polls-plus,10/30/2020,Trump,Biden,"",.002675,.000075,,156,17:26:03 30 Oct 2020,40000
2020,President,polls-plus,10/30/2020,Trump,Biden,"",.001875,0,,155,17:26:03 30 Oct 2020,40000
2020,President,polls-plus,10/30/2020,Trump,Biden,"",.003025,0,,154,17:26:03 30 Oct 2020,40000
2020,President,polls-plus,10/30/2020,Trump,Biden,"",.001475,.00005,,153,17:26:03 30 Oct 2020,40000
2020,President,polls-plus,10/30/2020,Trump,Biden,"",.0027,.000025,,152,17:26:03 30 Oct 2020,40000
2020,President,polls-plus,10/30/2020,Trump,Biden,"",.003325,0,,151,17:26:03 30 Oct 2020,40000
2020,President,polls-plus,10/30/2020,Trump,Biden,"",.012025,0,,150,17:26:03 30 Oct 2020,40000
2020,President,polls-plus,10/30/2020,Trump,Biden,"",.000075,0,,15,17:26:03 30 Oct 2020,40000
2020,President,polls-plus,10/30/2020,Trump,Biden,"",.0056,.000025,,149,17:26:03 30 Oct 2020,40000
2020,President,polls-plus,10/30/2020,Trump,Biden,"",.0023,.000025,,148,17:26:03 30 Oct 2020,40000
2020,President,polls-plus,10/30/2020,Trump,Biden,"",.0034,.000025,,147,17:26:03 30 Oct 2020,40000
2020,President,polls-plus,10/30/2020,Trump,Biden,"",.002725,0,,146,17:26:03 30 Oct 2020,40000
2020,President,polls-plus,10/30/2020,Trump,Biden,"",.001175,0,,145,17:26:03 30 Oct 2020,40000
2020,President,polls-plus,10/30/2020,Trump,Biden,"",.0092,0,,144,17:26:03 30 Oct 2020,40000
2020,President,polls-plus,10/30/2020,Trump,Biden,"",.0065,0,,143,17:26:03 30 Oct 2020,40000
2020,President,polls-plus,10/30/2020,Trump,Biden,"",.002375,0,,142,17:26:03 30 Oct 2020,40000
2020,President,polls-plus,10/30/2020,Trump,Biden,"",.00605,.00005,,141,17:26:03 30 Oct 2020,40000
2020,President,polls-plus,10/30/2020,Trump,Biden,"",.00265,0,,140,17:26:03 30 Oct 2020,40000
2020,President,polls-plus,10/30/2020,Trump,Biden,"",.000075,0,,14,17:26:03 30 Oct 2020,40000
2020,President,polls-plus,10/30/2020,Trump,Biden,"",.00105,.000025,,139,17:26:03 30 Oct 2020,40000
2020,President,polls-plus,10/30/2020,Trump,Biden,"",.002725,.00005,,138,17:26:03 30 Oct 2020,40000
2020,President,polls-plus,10/30/2020,Trump,Biden,"",.0024,.000025,,137,17:26:03 30 Oct 2020,40000
2020,President,polls-plus,10/30/2020,Trump,Biden,"",.002275,0,,136,17:26:03 30 Oct 2020,40000
2020,President,polls-plus,10/30/2020,Trump,Biden,"",.00275,0,,135,17:26:03 30 Oct 2020,40000
2020,President,polls-plus,10/30/2020,Trump,Biden,"",.001325,0,,134,17:26:03 30 Oct 2020,40000
2020,President,polls-plus,10/30/2020,Trump,Biden,"",.000975,.000025,,133,17:26:03 30 Oct 2020,40000
2020,President,polls-plus,10/30/2020,Trump,Biden,"",.0076,0,,132,17:26:03 30 Oct 2020,40000
2020,President,polls-plus,10/30/2020,Trump,Biden,"",.007225,0,,131,17:26:03 30 Oct 2020,40000
2020,President,polls-plus,10/30/2020,Trump,Biden,"",.001225,0,,130,17:26:03 30 Oct 2020,40000
2020,President,polls-plus,10/30/2020,Trump,Biden,"",.000075,0,,13,17:26:03 30 Oct 2020,40000
2020,President,polls-plus,10/30/2020,Trump,Biden,"",.001475,0,,129,17:26:03 30 Oct 2020,40000
2020,President,polls-plus,10/30/2020,Trump,Biden,"",.002825,0,,128,17:26:03 30 Oct 2020,40000
2020,President,polls-plus,10/30/2020,Trump,Biden,"",.0009,0,,127,17:26:03 30 Oct 2020,40000
2020,President,polls-plus,10/30/2020,Trump,Biden,"",.015,0,,126,17:26:03 30 Oct 2020,40000
2020,President,polls-plus,10/30/2020,Trump,Biden,"",.05085,0,,125,17:26:03 30 Oct 2020,40000
2020,President,polls-plus,10/30/2020,Trump,Biden,"",.001525,0,,124,17:26:03 30 Oct 2020,40000
2020,President,polls-plus,10/30/2020,Trump,Biden,"",.0038,0,,123,17:26:03 30 Oct 2020,40000
2020,President,polls-plus,10/30/2020,Trump,Biden,"",.020075,0,,122,17:26:03 30 Oct 2020,40000
2020,President,polls-plus,10/30/2020,Trump,Biden,"",.001425,0,,121,17:26:03 30 Oct 2020,40000
2020,President,polls-plus,10/30/2020,Trump,Biden,"",.002425,0,,120,17:26:03 30 Oct 2020,40000
2020,President,polls-plus,10/30/2020,Trump,Biden,"",0,0,,12,17:26:03 30 Oct 2020,40000
2020,President,polls-plus,10/30/2020,Trump,Biden,"",.0117,0,,119,17:26:03 30 Oct 2020,40000
2020,President,polls-plus,10/30/2020,Trump,Biden,"",.001275,0,,118,17:26:03 30 Oct 2020,40000
2020,President,polls-plus,10/30/2020,Trump,Biden,"",.00295,0,,117,17:26:03 30 Oct 2020,40000
2020,President,polls-plus,10/30/2020,Trump,Biden,"",.006125,0,,116,17:26:03 30 Oct 2020,40000
2020,President,polls-plus,10/30/2020,Trump,Biden,"",.0032,.000025,,115,17:26:03 30 Oct 2020,40000
2020,President,polls-plus,10/30/2020,Trump,Biden,"",.002275,0,,114,17:26:03 30 Oct 2020,40000
2020,President,polls-plus,10/30/2020,Trump,Biden,"",.004675,.000025,,113,17:26:03 30 Oct 2020,40000
2020,President,polls-plus,10/30/2020,Trump,Biden,"",.00365,0,,112,17:26:03 30 Oct 2020,40000
2020,President,polls-plus,10/30/2020,Trump,Biden,"",.00285,0,,111,17:26:03 30 Oct 2020,40000
2020,President,polls-plus,10/30/2020,Trump,Biden,"",.0036,0,,110,17:26:03 30 Oct 2020,40000
2020,President,polls-plus,10/30/2020,Trump,Biden,"",.0001,0,,11,17:26:03 30 Oct 2020,40000
2020,President,polls-plus,10/30/2020,Trump,Biden,"",.00345,0,,109,17:26:03 30 Oct 2020,40000
2020,President,polls-plus,10/30/2020,Trump,Biden,"",.001925,0,,108,17:26:03 30 Oct 2020,40000
2020,President,polls-plus,10/30/2020,Trump,Biden,"",.002025,0,,107,17:26:03 30 Oct 2020,40000
2020,President,polls-plus,10/30/2020,Trump,Biden,"",.0022,.00005,,106,17:26:03 30 Oct 2020,40000
2020,President,polls-plus,10/30/2020,Trump,Biden,"",.001475,0,,105,17:26:03 30 Oct 2020,40000
2020,President,polls-plus,10/30/2020,Trump,Biden,"",.00215,.000025,,104,17:26:03 30 Oct 2020,40000
2020,President,polls-plus,10/30/2020,Trump,Biden,"",.00215,0,,103,17:26:03 30 Oct 2020,40000
2020,President,polls-plus,10/30/2020,Trump,Biden,"",.001575,0,,102,17:26:03 30 Oct 2020,40000
2020,President,polls-plus,10/30/2020,Trump,Biden,"",.002025,.00005,,101,17:26:03 30 Oct 2020,40000
2020,President,polls-plus,10/30/2020,Trump,Biden,"",.002175,0,,100,17:26:03 30 Oct 2020,40000
2020,President,polls-plus,10/30/2020,Trump,Biden,"",.0001,0,,10,17:26:03 30 Oct 2020,40000
2020,President,polls-plus,10/30/2020,Trump,Biden,"",.000125,0,,1,17:26:03 30 Oct 2020,40000
2020,President,polls-plus,10/30/2020,Trump,Biden,"",.000025,0,,0,17:26:03 30 Oct 2020,40000
